conjunto,registros,consulta,estrategia,primera_s,mediana_s,minimo_s,maximo_s,mismo_resultado
1 mes,3765161,benchmark/01_conteo.sql,parquet,0.0043,0.0035,0.0033,0.0037,True
1 mes,3765161,benchmark/02_un_dia.sql,parquet,0.0177,0.0175,0.0167,0.0188,True
1 mes,3765161,benchmark/03_percentiles_total.sql,parquet,0.444,0.4341,0.4054,0.4917,True
1 mes,3765161,ej4/01_viajes_por_mes.sql,parquet,0.1132,0.1146,0.1135,0.1172,True
1 mes,3765161,ej4/02_viajes_por_hora.sql,parquet,0.1424,0.1423,0.14,0.1513,True
1 mes,3765161,ej4/06_distritos.sql,parquet,0.1556,0.1565,0.1548,0.1602,True
1 mes,3765161,ej4/09_formas_de_pago.sql,parquet,0.1839,0.183,0.177,0.2091,True
1 mes,3765161,benchmark/01_conteo.sql,tabla,0.0041,0.0029,0.0029,0.0031,True
1 mes,3765161,benchmark/02_un_dia.sql,tabla,0.0039,0.0023,0.0022,0.0025,True
1 mes,3765161,benchmark/03_percentiles_total.sql,tabla,0.3171,0.3186,0.2973,0.3386,True
1 mes,3765161,ej4/01_viajes_por_mes.sql,tabla,0.0277,0.0299,0.0278,0.0336,True
1 mes,3765161,ej4/02_viajes_por_hora.sql,tabla,0.0672,0.0762,0.0699,0.0798,True
1 mes,3765161,ej4/06_distritos.sql,tabla,0.0369,0.036,0.0338,0.0362,True
1 mes,3765161,ej4/09_formas_de_pago.sql,tabla,0.0704,0.0786,0.0707,0.0797,True
8 meses,30040469,benchmark/01_conteo.sql,parquet,0.0094,0.008,0.0075,0.0094,True
8 meses,30040469,benchmark/02_un_dia.sql,parquet,0.0293,0.0222,0.0211,0.026,True
8 meses,30040469,benchmark/03_percentiles_total.sql,parquet,2.883,2.6481,2.4719,2.7883,True
8 meses,30040469,ej4/01_viajes_por_mes.sql,parquet,0.273,0.2584,0.2534,0.2709,True
8 meses,30040469,ej4/02_viajes_por_hora.sql,parquet,0.2964,0.2999,0.2856,0.3063,True
8 meses,30040469,ej4/06_distritos.sql,parquet,0.3045,0.3098,0.3021,0.3247,True
8 meses,30040469,ej4/09_formas_de_pago.sql,parquet,0.3777,0.3545,0.3518,0.3618,True
8 meses,30040469,benchmark/01_conteo.sql,tabla,0.0121,0.0081,0.0077,0.0084,True
8 meses,30040469,benchmark/02_un_dia.sql,tabla,0.0045,0.0024,0.0023,0.0029,True
8 meses,30040469,benchmark/03_percentiles_total.sql,tabla,3.0706,2.5637,2.3579,2.5889,True
8 meses,30040469,ej4/01_viajes_por_mes.sql,tabla,0.1889,0.1892,0.1824,0.2058,True
8 meses,30040469,ej4/02_viajes_por_hora.sql,tabla,0.428,0.4146,0.4131,0.4298,True
8 meses,30040469,ej4/06_distritos.sql,tabla,0.1979,0.2188,0.2071,0.2379,True
8 meses,30040469,ej4/09_formas_de_pago.sql,tabla,0.461,0.4623,0.4425,0.481,True
20 meses,71870407,benchmark/01_conteo.sql,parquet,0.0189,0.0178,0.0166,0.019,True
20 meses,71870407,benchmark/02_un_dia.sql,parquet,0.055,0.0445,0.0431,0.0495,True
20 meses,71870407,benchmark/03_percentiles_total.sql,parquet,6.9192,6.5599,6.2853,7.0521,True
20 meses,71870407,ej4/01_viajes_por_mes.sql,parquet,0.5643,0.5849,0.5807,0.6018,True
20 meses,71870407,ej4/02_viajes_por_hora.sql,parquet,0.7417,0.7626,0.7319,0.7949,True
20 meses,71870407,ej4/06_distritos.sql,parquet,0.7801,0.7635,0.7509,0.7859,True
20 meses,71870407,ej4/09_formas_de_pago.sql,parquet,0.8868,0.9209,0.9014,0.9386,True
20 meses,71870407,benchmark/01_conteo.sql,tabla,0.0283,0.0184,0.0176,0.0185,True
20 meses,71870407,benchmark/02_un_dia.sql,tabla,0.007,0.0029,0.0025,0.0039,True
20 meses,71870407,benchmark/03_percentiles_total.sql,tabla,8.682,6.597,6.0123,6.8949,True
20 meses,71870407,ej4/01_viajes_por_mes.sql,tabla,0.4523,0.4462,0.442,0.466,True
20 meses,71870407,ej4/02_viajes_por_hora.sql,tabla,1.055,1.0426,0.9947,1.1223,True
20 meses,71870407,ej4/06_distritos.sql,tabla,0.4653,0.4621,0.4564,0.4642,True
20 meses,71870407,ej4/09_formas_de_pago.sql,tabla,1.0667,1.1243,1.0541,1.1727,True
