tipo,archivo,bytes_servidor,bytes_local,registros,estado
green,green_tripdata_2024-01.parquet,1362284,1362284,56551,completo
green,green_tripdata_2024-02.parquet,1283805,1283805,53577,completo
green,green_tripdata_2024-03.parquet,1372372,1372372,57457,completo
green,green_tripdata_2024-04.parquet,1346502,1346502,56471,completo
green,green_tripdata_2024-05.parquet,1453912,1453912,61003,completo
green,green_tripdata_2024-06.parquet,1326194,1326194,54748,completo
green,green_tripdata_2024-07.parquet,1250973,1250973,51837,completo
green,green_tripdata_2024-08.parquet,1267079,1267079,51771,completo
green,green_tripdata_2024-09.parquet,1326186,1326186,54440,completo
green,green_tripdata_2024-10.parquet,1353731,1353731,56147,completo
green,green_tripdata_2024-11.parquet,1264688,1264688,52222,completo
green,green_tripdata_2024-12.parquet,1312306,1312306,53994,completo
green,green_tripdata_2026-01.parquet,991656,991656,40272,completo
green,green_tripdata_2026-02.parquet,920753,920753,37373,completo
green,green_tripdata_2026-03.parquet,1082530,1082530,44208,completo
green,green_tripdata_2026-04.parquet,1075896,1075896,44238,completo
green,green_tripdata_2026-05.parquet,1102947,1102947,44921,completo
green,green_tripdata_2026-06.parquet,1075836,1075836,44163,completo
green,green_tripdata_2026-07.parquet,1018250,1018250,41252,completo
green,green_tripdata_2026-08.parquet,1007530,1007530,40687,completo
yellow,yellow_tripdata_2024-01.parquet,49961641,49961641,2964624,completo
yellow,yellow_tripdata_2024-02.parquet,50349284,50349284,3007526,completo
yellow,yellow_tripdata_2024-03.parquet,60078280,60078280,3582628,completo
yellow,yellow_tripdata_2024-04.parquet,59133625,59133625,3514289,completo
yellow,yellow_tripdata_2024-05.parquet,62553128,62553128,3723833,completo
yellow,yellow_tripdata_2024-06.parquet,59859922,59859922,3539193,completo
yellow,yellow_tripdata_2024-07.parquet,52299432,52299432,3076903,completo
yellow,yellow_tripdata_2024-08.parquet,51067350,51067350,2979183,completo
yellow,yellow_tripdata_2024-09.parquet,61170186,61170186,3633030,completo
yellow,yellow_tripdata_2024-10.parquet,64346071,64346071,3833771,completo
yellow,yellow_tripdata_2024-11.parquet,60658709,60658709,3646369,completo
yellow,yellow_tripdata_2024-12.parquet,61524085,61524085,3668371,completo
yellow,yellow_tripdata_2026-01.parquet,64165080,64165080,3724889,completo
yellow,yellow_tripdata_2026-02.parquet,58683353,58683353,3399866,completo
yellow,yellow_tripdata_2026-03.parquet,67891249,67891249,3952451,completo
yellow,yellow_tripdata_2026-04.parquet,64818115,64818115,3831240,completo
yellow,yellow_tripdata_2026-05.parquet,69699174,69699174,4090836,completo
yellow,yellow_tripdata_2026-06.parquet,65465637,65465637,3837248,completo
yellow,yellow_tripdata_2026-07.parquet,61685033,61685033,3530109,completo
yellow,yellow_tripdata_2026-08.parquet,59043961,59043961,3336716,completo
